940,,53900012,,,,,,,5390001200000,,0,,53900012,false
941,,53900023,,,,,,,,,0,,53900023,false
942,,53900044,,,,,,,,,0,,53900044,false
94,,,,,,,,,,,1,,53900092128,true
698,,,,,,,,,,,0,,0679076,true
86,,,,,,,,,,,0,,1111,true
190,,,,,,,,,,,0,,4751,true
117,,,,,,,,,,,0,,8964,true
129,,,,,,,,,,,0,,8939,true
137,,,,,,,,,,,0,,53900093,true
100,,Follain Teoranta,,,,,,,,,0,,1503,true
120,,Glenhaven Foods,,,,,,,,,0,,781,true
134,,Allied Imports Limited,,,,,,,,,0,,727,true
211,,Molaga Honey Ltd.,,,,,,,,,0,,2363,true
244,,Culcita Limited,,,,,,,,,0,,3233,true
132,,Hegadon Limited,,,,,,,,,0,,3617,true
133,,Recognition Express Ireland Ltd. T/A Badgemaker Ltd.,,,,,,,,,0,,4159,true
139,,Admiral Ford Ltd,,,,,,,,,0,,1603,true
208,,Radius Communications (Ireland) Limited,,,,,,,,,0,,274,true
84,,Codd Mushrooms Ltd,,,,,,,,,0,,289,true
121,,Rawlplug Ireland Ltd,,,,,,,,,0,,4587,true
761,,Germinal Ireland Limited,,,,,,,,,0,,4811,true
188,,Trinity Biotech,,,,,,,,,0,,5192,true
279,,Cole's Home Bakery,,,,,,,,,0,,5227,true
140,,,,,,,,,,,0,,50100001,true
405,,,,,,,,,,,0,,9004,true
467,,,,,,,,,,,7,,9093,true
445,,,,,,,,,,,0,,9272,true
372,,,,,,,,,,,0,,9205,true
382,,,,,,,,,,,7,,9218,true
734,,53900001,,,,,,,0123123000006,,0,,53900001,true
756,,Keelings Limited,,,,,,,,,0,,1284,true
739,,Moynihan Apiaries,,,,,,,,,4,,970,true
727,,P Mulrine & Sons Sales Ltd,,,,,,,,,0,,544,true
703,,Dubarry Shoes Limited,,,,,,,,,0,,1855,true
766,,Ornua Cooperative Limited,,,,,,,,,0,,521,true
798,,Union Hall Smoked Fish,,,,,,,,,0,,2683,true
721,,BR Foods,,,,,,,,,0,,3552,true
726,,Paganini Ice Cream Limited,,,,,,,,,0,,850,true
823,,Dell GmbH,,,,,,,,,0,,3898,true
828,,Goju Records,,,,,,,,,0,,231,true
778,,Pan Euro Foods Ltd,,,,,,,,,0,,4288,true
700,,Hogans Farm Ltd,,,,,,,,,0,,4285,true
744,,Kilmacow Nurseries,,,,,,,,,0,,4310,true
713,,Multi-color Labels Ireland Limited,,,,,,,,,0,,4471,true
825,,M.D. Burns & Co. Limited,,,,,,,,,0,,4829,true
837,,Flamers Limited,,,,,,,,,0,,7336,true
696,,Jack and Eddies,,,,,,,,,0,,7356,true
784,,Innovation Zed Limited,,,,,,,,,0,,7496,true
718,,Coniaka Ltd ,,,,,,,,,0,,7497,true
743,,Donegal Brewing Company Ltd,,,,,,,,,0,,7641,true
797,,Millmount Healthcare Limited,,,,,,,,,0,,7795,true
751,,Big Hand Brewing Company Limited,,,,,,,,,0,,7969,true
790,,ASA Pharma Plc,,,,,,,,,0,,8019,true
708,,Denis Foley,,,,,,,,,0,,8159,true
832,,Derek Eakin Limited,,,,,,,,,0,,8293,true
767,,Minimate Limited,,,,,,,,,9,,8304,true
724,,Vera Miklas,,,,,,,,,3,,8407,true
695,,Protec Safety Limited,,,,,,,,,0,,8462,true
830,,Rafferty's Fine Foods,,,,,,,,,0,,8556,true
732,,An Sean-Teach Limited,,,,,,,,,0,,8651,true
810,,The Marshmallow Factory,,,,,,,,,0,,8745,true
702,,Kaia Sanctuary Limited T/A Cracked Nut,,,,,,,,,0,,8748,true
821,,Ballyvolane House Spirits Company Limited,,,,,,,,,0,,8865,true
737,,Austin Quilter,,,,,,,,,0,,8896,true
818,,P1 Motorsport Nutrition Limited,,,,,,,,,0,,8917,true
773,,Sports Fuel Limited,,,,,,,,,0,,9111,true
352,,Caveman Grub Limited,,,,,,,,,9,,9168,true
786,,Golden Iris Worldwide (EU) Limited,,,,,,,,,0,,9327,true
712,,Anderson Strikerite Limited,,,,,,,,,0,,9450,true
697,,Quigley's Distillery Limited,,,,,,,,,9,,9471,true
699,,Dress for Less Ireland Limited,,,,,,,,,0,,9488,true
706,,Blaze Fitness,,,,,,,,,8,,9506,true
750,,O'Kale Krisps,,,,,,,,,2,,9499,true
704,,Justina Kondrotaite,,,,,,,,,0,,9510,true
705,,Philip Carter Limited,,,,,,,,,0,,9511,true
939,,GS1 Ireland,,,,,,,,,0,,gs1ie,true
109,,Bake it Easy,,,,,,,,,0,,8971,true
812,,RedJoker Assets Limited,,,,,,,,,0,,9611,true
805,,Bartoni Limited,,,,,,,,,0,,9613,true
807,,Apple Tree Enterprises Limited t/a Cabot and Co,,,,,,,,,0,,9614,true
813,,Treasured Dolls Limited,,,,,,,,,0,,9618,true
824,,Custodian Print Management Consultancy Limited,,,,,,,,,0,,9612,true
820,,My Mexican Shop Limited,,,,,,,,,0,,9623,true
826,,Fickle Games,,,,,,,,,0,,9632,true
829,,Apoena Artisanal Chocolates,,,,,,,,,0,,9631,true
895,,White & Green,,,,,,,,,0,,9639,true
852,,Applewood Farm Produce Limited,,,,,,,,,7,,9640,true
833,,Collar of Gold Limited,,,,,,,,,3,,9642,true
839,,Cary's Premium Ice Cream Limited,,,,,,,,,0,,9648,true
866,,The Heartland Brewing Company Limited,,,,,,,,,0,,9649,true
845,,My Apricot Kitchen,,,,,,,,,0,,9654,true
848,,The National Shopping Grid Limited ,,,,,,,,,0,,9656,true
849,,Irish Sweater Co,,,,,,,,,7,,9661,true
886,,Novaerus (Ireland) Limited,,,,,,,,,0,,9655,true
924,,TribeCrew,,,,,,,,,0,,9731,true
118,,McDonnells (Queen Street) Ltd.,,,,,,,,,0,,6985,true
103,,Ellis Fish,,,,,,,,,0,,7002,true
98,,Sean Fagan Wholesale Ltd,,,,,,,,,0,,7049,true
122,,Tcoag Ireland Limited,,,,,,,,,0,,7333,true
116,,Newgrange Gold Limited,,,,,,,,,0,,7516,true
105,,The General Health Food Store Dublin Ltd,,,,,,,,,0,,7575,true
209,,O'Gormans Cottage Condiments,,,,,,,,,0,,8043,true
135,,Mescan Brewery Westport,,,,,,,,,0,,8048,true
115,,The Green Bowl Company,,,,,,,,,0,,8305,true
345,,St. Mel's Brewing Company Limited,,,,,,,,,0,,8306,true
92,,Keeling F. Juices Ltd,,,,,,,,,0,,8333,true
101,,"Mr Rene Collier LTD, T/A Shop4Choice",,,,,,,,,0,,8414,true
545,,Lainey's Handmade Foods,,,,,,,,,0,,8562,true
97,,Adaptics Limited,,,,,,,,,3,,8575,true
207,,Sisoa Foods Limited t/a Cool Bean Company,,,,,,,,,0,,8577,true
81,,Mulberry Meadow Farm,,,,,,,,,0,,8588,true
126,,The Oriel Sea Salt Company Limited,,,,,,,,,0,,8629,true
261,,Temple Dairy Limited,,,,,,,,,0,,8594,true
191,,The No Nonsense Food Company Limited,,,,,,,,,0,,8682,true
110,,Brambles Cafe Deli Limited,,,,,,,,,0,,8812,true
90,,Alexion Pharma International Operations UC,,,,,,,,,0,,8749,true
119,,RT Large & Son Limited,,,,,,,,,0,,8845,true
82,,Sea Bee Tree Limited,,,,,,,,,2,,8852,true
91,,Haynestown Meats Limited,,,,,,,,,0,,8862,true
96,,Keep it Kleen Products Limited,,,,,,,,,8,,8950,true
87,,Furniture Link International Limited t/a VIDA Living,,,,,,,,,0,,8966,true
108,,This is Seaweed,,,,,,,,,0,,8961,true
83,,Dublin City Gin Company Limited,,,,,,,,,0,,8970,true
107,,Clement & Pekoe Limited,,,,,,,,,0,,8974,true
85,,Box Of Frogs,,,,,,,,,0,,8960,true
102,,Orla Reynolds Limited,,,,,,,,,0,,8984,true
88,,Lubdub Foods Limited,,,,,,,,,2,,8963,true
114,,Doodle & Do Limited,,,,,,,,,0,,8986,true
99,,"Norma Dinneen LTD, T/a Bo Rua Farm",,,,,,,,,0,,8987,true
113,,Mr Darren Ducote LTD T/A The Little Pharma,,,,,,,,,0,,8982,true
128,,Boru Stoves,,,,,,,,,0,,8995,true
127,,Kitty O'Byrnes Limited,,,,,,,,,0,,9017,true
131,,Foodix ProNatura Marketing Ltd.,,,,,,,,,0,,9019,true
210,,Andean Natural & Organic Limited,,,,,,,,,0,,9035,true
187,,MV Foods Limited T/A McArdle Meats ,,,,,,,,,0,,9036,true
164,,Irish Organic Wheatgrass Limited,,,,,,,,,1,,9047,true
185,,Bainne Codladh Limited,,,,,,,,,0,,8996,true
186,,The Purple Pantry,,,,,,,,,0,,9028,true
201,,Bundoran Cineplex Limited,,,,,,,,,0,,9080,true
203,,Social Shopping Ireland Limited T/A Irishmadegifts,,,,,,,,,0,,9065,true
460,,Epicom Food Limited,,,,,,,,,0,,9231,true
443,,Vasorum Limited,,,,,,,,,0,,9267,true
490,,Advanced Nutrition and Dairy Concepts Limited,,,,,,,,,0,,9311,true
634,,Musacc,,,,,,,,,0,,9107,true
684,,Rathlir Farm,,,,,,,,,0,,9483,true
934,,Annabella Farm,,,,,,,,,0,,9744,true
160,,,,,,,,,,,0,,9051,true
166,,,,,,,,,,,0,,9034,true
167,,,,,,,,,,,0,,00001,true
169,,,,,,,,,,,0,,9049,true
171,,,,,,,,,,,0,,9053,true
178,,,,,,,,,,,0,,9063,true
179,,,,,,,,,,,0,,9056,true
183,,,,,,,,,,,0,,8660,true
232,,,,,,,,,,,0,,4845,true
354,,,,,,,,,,,7,,7588,true
366,,,,,,,,,,,0,,9200,true
552,,,,,,,,,,,3,,9372,true
170,,Trocaire,,,,,,,,,0,,2462,true
288,,Tipperary Garden Peat Limited,,,,,,,,,0,,3512,true
199,,Eurosales International Ltd,,,,,,,,,0,,2672,true
395,,Active Difference Limited,,,,,,,,,0,,3925,true
444,,The Scullery,,,,,,,,,0,,3930,true
318,,Body Safety Limited,,,,,,,,,0,,4422,true
195,,TNS Distribution,,,,,,,,,0,,4867,true
148,,Hook Head Potatoes,,,,,,,,,0,,5028,true
450,,Dee's Wholefood Ltd,,,,,,,,,6,,5408,true
152,,Peter Brogan Limited,,,,,,,,,0,,6982,true
156,,Kayfoam Woolfson,,,,,,,,,0,,7038,true
449,,Greenhill Fruit Farm Ltd,,,,,,,,,0,,7372,true
455,,Ballard Products Ltd.,,,,,,,,,0,,7024,true
181,,Keoghs Crisps Limited,,,,,,,,,0,,7498,true
214,,Ecocem Ireland Ltd,,,,,,,,,0,,7561,true
320,,Sealed with Irish Love,,,,,,,,,10,,7963,true
215,,Stayhold Limited,,,,,,,,,0,,7976,true
383,,Putog Teoranta,,,,,,,,,0,,7990,true
427,,Dr. Coys Healthfoods,,,,,,,,,0,,8054,true
357,,MBM Building Systems Ltd.,,,,,,,,,0,,8130,true
377,,Obeo ,,,,,,,,,0,,8203,true
162,,Discount Supplements,,,,,,,,,0,,8210,true
219,,Computer Stationery Printers Limited T/A Printcom,,,,,,,,,0,,8272,true
218,,License 2 Print Limited,,,,,,,,,0,,8281,true
95,,Data Construct Limited t/a Rebel Chilli,,,,,,,,,0,,8287,true
157,,Amneal Europa,,,,,,,,,0,,8302,true
182,,Applydea Limited,,,,,,,,,0,,8339,true
106,,Aurora Hair Products Limited,,,,,,,,,0,,8326,true
307,,Purelene,,,,,,,,,0,,8464,true
177,,Drew Fox Brewing Limited,,,,,,,,,0,,8549,true
225,,Fiontar Bia Chonamara Teoranta,,,,,,,,,0,,8422,true
373,,Niks Tea,,,,,,,,,0,,8677,true
285,,VentaKids,,,,,,,,,1,,8680,true
168,,MoonRiver Chocolate,,,,,,,,,0,,8698,true
180,,Killybegs Catch Limited,,,,,,,,,0,,8716,true
173,,Indigo Signs Limited t/a Avokado & Co,,,,,,,,,0,,8792,true
104,,Little Red,,,,,,,,,23,,8830,true
172,,Bean and Goose Chocolate,,,,,,,,,0,,8851,true
145,,Moocall Limited,,,,,,,,,0,,8875,true
448,,CMC Hygea Limited,,,,,,,,,0,,8883,true
124,,Costello's Brewing Company Limited,,,,,,,,,3,,8952,true
192,,Howth Beer Limited,,,,,,,,,0,,8953,true
228,,Spicedevils Limited,,,,,,,,,1,,8999,true
233,,Kennedy's Convenient Foods Limited,,,,,,,,,0,,8989,true
138,,Associated Household Products Ltd T/a AHP Ireland Ltd,,,,,,,,,1,,9011,true
144,,At it Again!,,,,,,,,,0,,9029,true
143,,Kildinan Farm,,,,,,,,,0,,8978,true
147,,Candy Valley Art,,,,,,,,,0,,9024,true
197,,Easy Bake,,,,,,,,,7,,9037,true
165,,The Cupcake Bloke,,,,,,,,,0,,9040,true
154,,Harty Foods Limited,,,,,,,,,0,,9032,true
193,,AventaMed Designated Activity Company,,,,,,,,,0,,9041,true
194,,Taplock,,,,,,,,,0,,9048,true
175,,Galvin Bros Retail Limited,,,,,,,,,0,,9060,true
176,,Soltec (Ireland) Limited,,,,,,,,,0,,9061,true
184,,ECB Timber Supplies Ltd,,,,,,,,,2,,9023,true
189,,St Vincents GAA Club,,,,,,,,,0,,9064,true
196,,"Shanghai Deyang Food Co., Ltd",,,,,,,,,0,,9069,true
198,,Sadie's Kitchen,,,,,,,,,6,,9074,true
216,,El Sombrero,,,,,,,,,0,,9081,true
217,,Nutmost Ltd,,,,,,,,,0,,9054,true
206,,Paschal Agencies Limited,,,,,,,,,2,,9083,true
205,,GoneGirlGone Ltd,,,,,,,,,0,,9084,true
221,,Cortex Dental,,,,,,,,,0,,9086,true
229,,Bellew Food Company Limited,,,,,,,,,0,,9088,true
226,,MND Food Limited,,,,,,,,,0,,8891,true
224,,Simon Lambert & Sons Pub & Brewery ,,,,,,,,,1,,9090,true
231,,S&R Foods Limited,,,,,,,,,0,,9100,true
234,,Fin's Horticulture,,,,,,,,,0,,9101,true
280,,Gourmet Fuel Limited,,,,,,,,,0,,9134,true
334,,CDS Wholesale,,,,,,,,,0,,9129,true
306,,The Fresh Curry Company Limited,,,,,,,,,0,,9150,true
283,,OrthoXel,,,,,,,,,0,,9115,true
329,,PowCow Limited,,,,,,,,,0,,9066,true
321,,Phoenix Brands Limited,,,,,,,,,0,,9167,true
323,,Feelmycraft,,,,,,,,,0,,9163,true
326,,Nortev Limited,,,,,,,,,0,,9165,true
331,,Baby Wheels,,,,,,,,,0,,9169,true
336,,Clonakilty Brewing Company Limited,,,,,,,,,0,,9174,true
346,,Feedthepulse Limited,,,,,,,,,0,,9185,true
350,,Mama Nagi's,,,,,,,,,0,,9192,true
369,,Stop and Stare Designs Company Limited,,,,,,,,,0,,9195,true
380,,Some Like It Fresh Limited,,,,,,,,,0,,9204,true
381,,Forage and Cure Lmited,,,,,,,,,10,,9216,true
407,,Seccoto Coffee Limited,,,,,,,,,7,,9236,true
451,,P.J. Rigney Distillery & International Brands Limited,,,,,,,,,0,,9277,true
617,,El Comandante Energy Limited,,,,,,,,,0,,9443,true
619,,Joe's Farm Crisps,,,,,,,,,0,,9447,true
628,,,,,,,,,,,0,,53900010,true
680,,,,,,,,,,,0,,53900000,true
93,,,,,,,,,,,50,,53900091,true
305,,,,,,,,,,,0,,2773,true
308,,,,,,,,,,,0,,8311,true
368,,,,,,,,,,,0,,9178,true
291,,Musgrave Retail Partners Ireland (MRPI),,,,,,,,,0,,1552,true
80,,GS1 Ireland,,,,,,,,,29,,4201,true
298,,Premier Lotteries Ireland Ltd,,,,,,,,,0,,828,true
687,,Barclay Chemicals Manufacturing Limited,,,,,,,,,0,,2332,true
561,,R.A. Pacaisti Teoranta,,,,,,,,,0,,3162,true
341,,AC Packing Ltd,,,,,,,,,0,,3709,true
478,,Irish Response Ltd T/A Lifes2good,,,,,,,,,0,,3922,true
659,,Lilys Limited,,,,,,,,,0,,2109,true
303,,Fyffes PLC,,,,,,,,,0,,150,true
420,,Naturespharm Limited,,,,,,,,,0,,221,true
239,,The Gifted Hand,,,,,,,,,0,,4234,true
595,,Good Fish Processing (Carrigaline) Limited,,,,,,,,,0,,4299,true
294,,Coachbury Distributions Ltd,,,,,,,,,0,,5454,true
423,,B.T.N. Distributors Limited,,,,,,,,,0,,5540,true
302,,Alimentary Health Limited,,,,,,,,,0,,7154,true
562,,Dunany Flour,,,,,,,,,0,,7574,true
627,,Kinsale Fare Limited,,,,,,,,,10,,7612,true
328,,NJO Designs Ltd,,,,,,,,,0,,7646,true
481,,Lisduff Fine Foods Limited,,,,,,,,,0,,7759,true
406,,Kilbeggan Handmade Chocolate,,,,,,,,,0,,7960,true
463,,CareMed Direct Ltd,,,,,,,,,6,,7980,true
661,,Scope Healthcare,,,,,,,,,0,,8009,true
671,,Royal County Puddings,,,,,,,,,0,,8144,true
355,,Dan and Monstro,,,,,,,,,0,,8150,true
559,,Smurfit Kappa Ireland,,,,,,,,,0,,8151,true
402,,Carrig Beers Limited,,,,,,,,,0,,8251,true
505,,Mallinckrodt Specialty Pharmaceuticals Ireland Limited,,,,,,,,,0,,8256,true
589,,Mcor Technologies Limited,,,,,,,,,0,,8426,true
309,,JLM Gifts Limited,,,,,,,,,0,,8428,true
580,,The Mallow Boutique Limited,,,,,,,,,0,,8568,true
238,,Veryan Medical Limited,,,,,,,,,0,,8399,true
242,,Jason Bryan,,,,,,,,,0,,8691,true
325,,Learning to Grow,,,,,,,,,0,,8751,true
660,,Toirtin Limited T/A Wildberry Bakery,,,,,,,,,0,,8802,true
670,,No-H2O Limited,,,,,,,,,20,,8872,true
543,,Moodley Manor Limited,,,,,,,,,13,,8873,true
434,,Blanco Nino Limited,,,,,,,,,0,,8881,true
290,,Boreman Limited,,,,,,,,,0,,8895,true
656,,Arderin Distillery Limited,,,,,,,,,5,,8947,true
413,,Flying Wild Apiaries,,,,,,,,,3,,8973,true
315,,Clean Log,,,,,,,,,1,,9072,true
475,,Sciobdun Limited,,,,,,,,,1,,9096,true
236,,Hibergene Diagnostics Limited,,,,,,,,,0,,9089,true
235,,Spoked,,,,,,,,,0,,9104,true
289,,Lavida Food Limited,,,,,,,,,3,,9131,true
286,,Embankment Plastics Limited,,,,,,,,,0,,9068,true
429,,"Orexigen Therapeutics Ireland, Limited",,,,,,,,,0,,9125,true
297,,Green Aloe Limited,,,,,,,,,0,,9145,true
296,,Fancy Fungi Mushrooms,,,,,,,,,2,,9147,true
403,,Cremona Foods Limited,,,,,,,,,0,,9161,true
327,,NeoSurgical Limited,,,,,,,,,0,,8816,true
333,,Swissdetox.ie,,,,,,,,,0,,9162,true
338,,Arranagh Foods Limited,,,,,,,,,4,,9173,true
337,,Irish Atlantic Attire,,,,,,,,,0,,9171,true
361,,Legacy Irish Cider,,,,,,,,,0,,9183,true
360,,Young Nails Ireland Limited  ,,,,,,,,,0,,9180,true
398,,Hydro Biz Limited,,,,,,,,,1,,9226,true
400,,Alfresco Heaters Ltd.,,,,,,,,,0,,9228,true
510,,Locks and Hardware Limited,,,,,,,,,0,,9230,true
412,,Airmount Beauty Limited ,,,,,,,,,0,,9233,true
414,,Homespun Foods Limited,,,,,,,,,0,,9247,true
438,,Tierra Skies Limited,,,,,,,,,0,,9262,true
440,,Fiona's Freedom Foods,,,,,,,,,0,,9264,true
461,,The Dalkey Food Company,,,,,,,,,0,,9287,true
459,,Doucine,,,,,,,,,1,,9279,true
477,,Koyu Foods Limited,,,,,,,,,0,,9299,true
479,,Modern Botany Limited,,,,,,,,,0,,9301,true
491,,Sasta Sausages,,,,,,,,,3,,9302,true
483,,Marshall IK Limited ,,,,,,,,,0,,9304,true
494,,Fun In Doing It Limited,,,,,,,,,0,,9316,true
496,,Joan & Bob's Juicy Jams,,,,,,,,,0,,9318,true
526,,Naturally Nourished,,,,,,,,,0,,9345,true
669,,Listoke Distillery Limited,,,,,,,,,0,,9369,true
551,,Puryst Limited,,,,,,,,,0,,9309,true
560,,Glenview Goat Farm Limited,,,,,,,,,0,,9374,true
564,,Irish Eyes Coffee Limited,,,,,,,,,4,,9382,true
576,,Euroblue Limited,,,,,,,,,1,,9386,true
588,,Anveck Limited,,,,,,,,,0,,9400,true
591,,Booka Brass Band,,,,,,,,,0,,9404,true
602,,KB Consumer Goods (IRL)Limited,,,,,,,,,8,,9411,true
599,,Robes4you ,,,,,,,,,0,,9425,true
608,,JA Broghies Ireland Limited,,,,,,,,,0,,9433,true
613,,Molloys Country Market,,,,,,,,,0,,9438,true
641,,The Good Bake Company Limited,,,,,,,,,0,,9385,true
648,,Shop Equipment Limited,,,,,,,,,0,,9444,true
624,,O Cleirigh Brewing Company Limited,,,,,,,,,0,,9448,true
631,,Cultured Kitchen,,,,,,,,,2,,9452,true
630,,Capital Food Solutions Limited,,,,,,,,,0,,9451,true
665,,Castle Foods Limited,,,,,,,,,0,,9476,true
667,,Marion Daly Nolan,,,,,,,,,0,,9477,true
674,,Charlene's Wholesome Pantry,,,,,,,,,0,,9487,true
408,,,,,,,,,,,0,,9238,true
473,,,,,,,,,,,5,,9270,true
252,,,,,,,,,,,0,,8880,true
682,,Golden Bake Limited,,,,,,,,,0,,1184,true
465,,Irish Distillers Ltd,,,,,,,,,0,,538,true
556,,Clara Fields Limited,,,,,,,,,7,,3124,true
446,,Irish Country Meats Camolin,,,,,,,,,0,,3169,true
389,,Pallas Foods Limited,,,,,,,,,0,,902,true
254,,Carrigaline Farmhouse Cheese,,,,,,,,,0,,641,true
514,,Perenco Limited,,,,,,,,,0,,3899,true
579,,Newspread Limited,,,,,,,,,0,,915,true
452,,Boxty House Limited,,,,,,,,,0,,138,true
317,,M & M Walshe Ltd,,,,,,,,,0,,4243,true
675,,Mi-Flues Ltd,,,,,,,,,0,,4626,true
626,,Farney Foods Ltd,,,,,,,,,0,,5055,true
527,,Truly Irish Country Foods Limited,,,,,,,,,0,,5345,true
250,,Blue Bio Pharmaceuticals Ltd,,,,,,,,,0,,5481,true
658,,Paddys O'Granola ,,,,,,,,,0,,7237,true
596,,Galway Craft Beers Limited,,,,,,,,,0,,7312,true
388,,Western Grave Products,,,,,,,,,0,,7447,true
685,,Piemontese Meat Company Limited,,,,,,,,,0,,7554,true
546,,Olvi Oils Ltd,,,,,,,,,0,,7856,true
213,,Sanbra Fyffe Limited,,,,,,,,,21,,771,true
644,,Endo Ventures Limited,,,,,,,,,0,,8026,true
565,,Bubble Box Ltd.,,,,,,,,,0,,8122,true
622,,Silver Darlings Sea Food Limited,,,,,,,,,0,,8253,true
284,,Plusvital Limited,,,,,,,,,0,,8267,true
657,,Clotilde's Fruit Compote Limited,,,,,,,,,0,,8273,true
340,,Equilume Limited ,,,,,,,,,3,,8322,true
690,,Kombucha Eireannach Teoranta,,,,,,,,,0,,7888,true
430,,Naturally Cordial Limited,,,,,,,,,0,,8455,true
249,,Everest Granola Limited,,,,,,,,,0,,8542,true
571,,Mirror Models Limited,,,,,,,,,0,,8555,true
339,,Wicklow Wolf Brewing Company Limited,,,,,,,,,7,,8615,true
256,,SurgaColl Technologies Limited,,,,,,,,,0,,8475,true
248,,Black Donkey Brewing Limited,,,,,,,,,0,,8655,true
387,,Epicom Ireland Limited,,,,,,,,,0,,8688,true
419,,The Village Dairy,,,,,,,,,0,,8678,true
447,,Ideal Skincare Limited t/a Waxperts Wax,,,,,,,,,0,,8724,true
516,,Boost Bites,,,,,,,,,0,,8739,true
615,,Soilse,,,,,,,,,0,,8763,true
281,,Irish Household Brands Limited,,,,,,,,,4,,8826,true
435,,Benaru Teoranta,,,,,,,,,0,,8831,true
442,,Rejuice Limited,,,,,,,,,0,,8603,true
567,,Kobefont Limited,,,,,,,,,0,,8980,true
257,,Phoenix ICig Limited,,,,,,,,,0,,9085,true
243,,Jack & Jill Fashions,,,,,,,,,0,,9092,true
332,,HD Tracking Systems Limited,,,,,,,,,16,,9102,true
251,,Anova Milk Joint Stock Company ,,,,,,,,,0,,9113,true
376,,Lyreen Smokehouse Limited,,,,,,,,,0,,9095,true
348,,Uiee Limited,,,,,,,,,0,,9190,true
351,,Racegeek Limited,,,,,,,,,0,,9191,true
394,,Clonee Sawmills Limited,,,,,,,,,0,,9208,true
374,,Cybernan Limited ,,,,,,,,,0,,9213,true
466,,Urban Alfa Limited,,,,,,,,,0,,9209,true
386,,Carrickmount Properties limited,,,,,,,,,0,,9219,true
391,,Immcell Ltd,,,,,,,,,8,,9224,true
396,,Dog Day Design,,,,,,,,,0,,9225,true
417,,Irish Organic Milk Producers Limited,,,,,,,,,5,,9248,true
568,,Kerry Cow Farm Limited,,,,,,,,,0,,9249,true
426,,The Soul of Crete Limited,,,,,,,,,0,,9257,true
431,,Pet Market,,,,,,,,,0,,9259,true
432,,Sisu Juice Company Limited,,,,,,,,,7,,9260,true
441,,Sedana Medical Limited,,,,,,,,,28,,9261,true
472,,Buff & Blend,,,,,,,,,6,,9274,true
458,,Rhoda Cocoa,,,,,,,,,0,,9286,true
471,,EELI Limited,,,,,,,,,0,,9291,true
468,,An Cisean Arain Bakery,,,,,,,,,0,,9296,true
497,,Le Skinny Chef Limited ,,,,,,,,,0,,9320,true
508,,Farm2Larder,,,,,,,,,0,,9325,true
542,,Online Corner Shop Limited ,,,,,,,,,0,,9326,true
521,,Central Bank of Ireland,,,,,,,,,0,,9321,true
518,,Run Angel Limited,,,,,,,,,0,,9339,true
519,,Brayzin Limited,,,,,,,,,0,,9340,true
520,,Pretty Display,,,,,,,,,0,,9342,true
533,,TY4TM Limited,,,,,,,,,0,,9343,true
536,,The West Cork Larder,,,,,,,,,0,,9346,true
524,,John O'Regan Design,,,,,,,,,0,,9338,true
534,,DMC Medical Limited,,,,,,,,,0,,9350,true
530,,Anjtek Limited,,,,,,,,,0,,9352,true
537,,Lilywho Limited,,,,,,,,,0,,9359,true
549,,True Blue Eggs Ltd ,,,,,,,,,0,,9363,true
566,,Outdoor Discovery Limited,,,,,,,,,0,,9383,true
573,,Southeast Distribution Limited,,,,,,,,,0,,9390,true
604,,Ballykilcavan Brewing Company Limited,,,,,,,,,4,,9402,true
600,,Aleksandr Radeonov,,,,,,,,,0,,9420,true
610,,Fiona Hedigan & Associates Limited,,,,,,,,,6,,9423,true
611,,Spiced with Love,,,,,,,,,0,,9362,true
635,,Herbel Crest Limited,,,,,,,,,0,,9456,true
679,,Connexicon Medical Limited,,,,,,,,,0,,9459,true
652,,McCormack Fine Foods,,,,,,,,,6,,9469,true
654,,Thierry Peurois,,,,,,,,,0,,9467,true
673,,Saol Therapeutics Research Limited,,,,,,,,,0,,9481,true
677,,America Village Apothecary,,,,,,,,,5,,9480,true
678,,O'Brien Cement,,,,,,,,,0,,9489,true
683,,Innalabs Limited,,,,,,,,,0,,9492,true
689,,Pelias Limited,,,,,,,,,0,,9495,true
694,,Fit Queen,,,,,,,,,0,,9494,true
462,,,,,,,,,,,0,,9278,true
541,,,,,,,,,,,0,,8153,true
470,,,,,,,,,,,0,,9293,true
653,,,,,,,,,,,2,,9470,true
586,,,,,,,,,,,0,,3815,true
311,,Stephen Landon Potatoes Limited,,,,,,,,,0,,870,true
365,,Durrus Farmhouse Cheese,,,,,,,,,0,,672,true
572,,Bayer Ltd,,,,,,,,,0,,2917,true
457,,TJH Limited,,,,,,,,,0,,3006,true
817,,Bunzl Cleaning & Safety Supplies,,,,,,,,,0,,4057,true
263,,Seerys (Heatherfield Ltd),,,,,,,,,0,,1052,true
301,,Liffey Meats,,,,,,,,,0,,3976,true
258,,Emly Free Range Eggs,,,,,,,,,3,,1704,true
292,,O'Flynns Gourmet Sausage Co,,,,,,,,,0,,4316,true
397,,Serosep Limited,,,,,,,,,0,,4767,true
262,,Kilsaran Concrete,,,,,,,,,0,,5206,true
558,,BNR Ltd,,,,,,,,,0,,5291,true
271,,Eddie Barry Limited,,,,,,,,,0,,7110,true
815,,Idoman Teoranta,,,,,,,,,0,,7379,true
266,,OSE Supplies,,,,,,,,,0,,7448,true
276,,P2 Putter Grips Limited,,,,,,,,,15,,7526,true
274,,Augusta Shore Ltd,,,,,,,,,0,,7621,true
454,,SR Studio Limited,,,,,,,,,0,,7931,true
816,,Nobo Limited,,,,,,,,,0,,7961,true
264,,Woodstock Trees & Shrubs Ltd.,,,,,,,,,0,,8024,true
507,,Del Gusto Limited,,,,,,,,,0,,8393,true
273,,Irepak Limited,,,,,,,,,0,,8398,true
587,,The Cloudberry Bakery,,,,,,,,,0,,8444,true
574,,Nutritiously Delicious Limited,,,,,,,,,0,,8701,true
597,,Unislim Limited,,,,,,,,,0,,8721,true
563,,Popzle,,,,,,,,,0,,8743,true
401,,Crafty Divils Brewing,,,,,,,,,0,,8744,true
578,,West Cork Eggs Limited,,,,,,,,,0,,8794,true
259,,Cúl Heroes Limited,,,,,,,,,4,,8833,true
493,,The Hyland Brewing Company Limited,,,,,,,,,0,,8928,true
272,,Wellnice Foods Limited,,,,,,,,,0,,8902,true
312,,Fit Foods LP,,,,,,,,,1,,9052,true
212,,Food For Living Life Limited,,,,,,,,,2,,9071,true
253,,Monster Discounts Limited,,,,,,,,,4,,9112,true
265,,Puck Keysafes Limited,,,,,,,,,0,,9099,true
269,,Mughal Foods Limited,,,,,,,,,8,,9114,true
275,,Rose & Alice: Handcrafted Soaps & Gifts,,,,,,,,,0,,9009,true
278,,Novate Medical Limited,,,,,,,,,0,,9126,true
287,,Lynch Medical Supplies (LMS) Limited,,,,,,,,,0,,9135,true
300,,Ronhill Limited,,,,,,,,,0,,9062,true
314,,The Lo-cal Kitchen Limited,,,,,,,,,6,,8965,true
310,,Druid Craft,,,,,,,,,0,,9155,true
324,,Flue Pot Plug Solutions,,,,,,,,,0,,9166,true
342,,Sabanero Artisan Cheese,,,,,,,,,0,,9176,true
367,,Galanta Jewellery ,,,,,,,,,0,,9199,true
371,,Dublin Herbalists,,,,,,,,,0,,9201,true
480,,Gorse Lodge Limited,,,,,,,,,0,,9212,true
385,,Four Square Meals Limited,,,,,,,,,0,,9221,true
411,,Wicklow Way Wines Limited,,,,,,,,,7,,9240,true
428,,The Irish Artisan Charcoal Company Limited,,,,,,,,,0,,9244,true
415,,Kinsale Spirit Company Limited,,,,,,,,,0,,9246,true
501,,Eat Like Apes,,,,,,,,,0,,9268,true
456,,Lua Chocolates,,,,,,,,,0,,9276,true
492,,Byrne's Farm,,,,,,,,,0,,9290,true
484,,Breaking Ground Enterprises Limited,,,,,,,,,0,,9294,true
482,,The Pure Kitchen Limited,,,,,,,,,0,,9298,true
620,,Critical Healthcare Limited,,,,,,,,,0,,9305,true
487,,Aquachia Limited,,,,,,,,,0,,9310,true
489,,Tribal Foods,,,,,,,,,0,,9313,true
495,,Rockfield Dairy Limited,,,,,,,,,0,,9315,true
503,,Love Me Desserts,,,,,,,,,0,,9319,true
506,,Eoin Dillon,,,,,,,,,0,,9323,true
504,,Webmettle Limited,,,,,,,,,0,,9324,true
513,,OVB Holdings Limited,,,,,,,,,0,,9331,true
539,,Itchy Little Monkeys,,,,,,,,,0,,9333,true
550,,Kamaceuticals Limited,,,,,,,,,0,,9337,true
522,,Good Pharma Dermatology Limited,,,,,,,,,0,,9341,true
547,,Delish Melish Limited,,,,,,,,,0,,9353,true
535,,Andys Sales & Marketing,,,,,,,,,3,,9356,true
538,,Crospon Limited,,,,,,,,,0,,9361,true
540,,Limehill House Limited,,,,,,,,,5,,9360,true
544,,Coosheen,,,,,,,,,0,,9364,true
548,,Popsy Daisy Limited,,,,,,,,,0,,9366,true
570,,Incereb Ltd,,,,,,,,,0,,9384,true
647,,Eat Feed Limited ,,,,,,,,,0,,9388,true
582,,Aleksejs Voitovics,,,,,,,,,0,,9394,true
581,,2B Organic,,,,,,,,,0,,9397,true
585,,Contego Sports Limited,,,,,,,,,0,,9401,true
592,,Chef Secret Limited,,,,,,,,,6,,9415,true
603,,Ramajam Limited,,,,,,,,,0,,9405,true
598,,Onward Brewing Company Limited,,,,,,,,,0,,9370,true
601,,L&T Accessories Limited,,,,,,,,,0,,9427,true
616,,The Little Irish Apple Company,,,,,,,,,0,,9421,true
646,,Martin's Mustards & Spices,,,,,,,,,5,,9445,true
643,,Durrow Mills,,,,,,,,,0,,9429,true
638,,Hardy Food,,,,,,,,,7,,9453,true
639,,Jaru Food Limited,,,,,,,,,0,,9426,true
640,,Decashel Limited,,,,,,,,,0,,9457,true
650,,Pippa Holt Kaftans,,,,,,,,,0,,9463,true
664,,Nemo Consulting & Management Limited,,,,,,,,,0,,9473,true
692,,Alto Fitness Limited,,,,,,,,,0,,9490,true
814,,Great Northern Larder Limited,,,,,,,,,0,,9619,true
714,,Old Carrick Mill Limited,,,,,,,,,0,,9522,true
715,,Dozio's of Mayo Limited,,,,,,,,,0,,9525,true
717,,Interface Partners Limited,,,,,,,,,0,,9526,true
722,,Manor Brewing Company Limited,,,,,,,,,4,,9491,true
725,,Discover Juice,,,,,,,,,0,,9317,true
731,,Jacques Nurseries,,,,,,,,,0,,9528,true
788,,Clongowney Artisan Food Limited,,,,,,,,,4,,9530,true
716,,Puratos Crest Foods Limited,,,,,,,,,0,,1525,true
693,,Thurles Fresh Milk Ltd.,,,,,,,,,0,,1478,true
277,,Tipperary Co-Op. Creamery Ltd,,,,,,,,,0,,1484,true
633,,Helsinn Birex Pharmaceuticals Limited,,,,,,,,,0,,1389,true
358,,BWG Foods ,,,,,,,,,0,,1168,true
393,,Sovereign Partners Ltd,,,,,,,,,0,,819,true
575,,Dunnes Stores (Trade Dept),,,,,,,,,0,,864,true
827,,Country Kitchens Cuisine Limited,,,,,,,,,0,,919,true
870,,Total Produce Ireland Ltd,,,,,,,,,0,,974,true
892,,Boylan Fruit,,,,,,,,,0,,1827,true
409,,GE Healthcare Ireland,,,,,,,,,0,,1828,true
736,,Gerard Ellis & Sons,,,,,,,,,0,,2045,true
141,,EA Delany Limited,,,,,,,,,0,,2215,true
629,,Rangeland Foods Ltd,,,,,,,,,0,,2225,true
130,,Mark John Limited,,,,,,,,,1,,2836,true
936,,Cheetah Electronics Limited,,,,,,,,,0,,2892,true
901,,Taravale Foods Limited,,,,,,,,,0,,1635,true
914,,Zed Candy (Dublin) Ltd,,,,,,,,,0,,3005,true
884,,Torpey Wood Products Limited,,,,,,,,,0,,3015,true
632,,Colleran Butchers (Galway) Limited,,,,,,,,,0,,381,true
913,,Ina's Kitchen Desserts Limited,,,,,,,,,0,,3212,true
453,,Genovese Foods Limited,,,,,,,,,1,,3266,true
838,,Irish Dog Foods Ltd,,,,,,,,,0,,1558,true
605,,Uniphar Group,,,,,,,,,0,,1966,true
356,,Benson Food Products Limited,,,,,,,,,0,,2286,true
330,,ArcRoyal Ltd,,,,,,,,,0,,3843,true
809,,Legal Records Ltd,,,,,,,,,19,,3890,true
418,,Premium Golf Brands Ltd,,,,,,,,,0,,1852,true
142,,Glanbia Foods Ireland Limited,,,,,,,,,0,,537,true
425,,H.G. Ritchie Limited,,,,,,,,,0,,1643,true
642,,Tennant & Ruttle Distribution Limited,,,,,,,,,0,,4067,true
920,,Straight Sausages Ltd,,,,,,,,,0,,4528,true
909,,Hill Agencies Limited,,,,,,,,,0,,4729,true
888,,Mella's Fudge,,,,,,,,,0,,5132,true
893,,Royal County Products Limited,,,,,,,,,0,,5560,true
917,,Glen of Aherlow Foods Limited,,,,,,,,,0,,7000,true
938,,Beoir Chorca Dhuibhne,,,,,,,,,0,,7278,true
923,,PPC Galway Ltd,,,,,,,,,0,,5396,true
907,,Bia Beauty,,,,,,,,,0,,7731,true
855,,Cniotail Inis Meain Teo,,,,,,,,,0,,7939,true
873,,Kearns Foods Limited,,,,,,,,,0,,8329,true
864,,Bowl-a-Granola,,,,,,,,,5,,8558,true
865,,Gate Dental Services Limited,,,,,,,,,0,,8904,true
932,,Core Gifts Limited t/a Elephant,,,,,,,,,0,,8926,true
898,,Longueville House Beverages,,,,,,,,,0,,9106,true
847,,Thornton's Distillery Limited,,,,,,,,,0,,9170,true
885,,Al Ameen Limited,,,,,,,,,0,,9265,true
691,,Spotlight Whitening Limited,,,,,,,,,2,,9500,true
853,,Accessories4babies,,,,,,,,,0,,9668,true
854,,Dudes Foods,,,,,,,,,0,,9666,true
860,,Daisy Bakes,,,,,,,,,0,,9670,true
857,,Rolf's Fine Food,,,,,,,,,0,,9658,true
856,,Ballykeefe Distillery Limited,,,,,,,,,0,,9672,true
861,,Dingle Fudge,,,,,,,,,0,,9676,true
858,,NutriQuick Limited,,,,,,,,,0,,9677,true
859,,Marram Co Paraphernalia limited ,,,,,,,,,4,,9679,true
862,,Intrepid Spirits Limited,,,,,,,,,0,,9673,true
872,,Thy Grace,,,,,,,,,0,,9680,true
935,,Oisin Creative Limited,,,,,,,,,0,,gs1ie-8658,true
874,,Mallinckrodt Pharmaceuticals Ireland Limited,,,,,,,,,0,,9653,true
863,,Macs Vac Pac Veg,,,,,,,,,0,,9674,true
868,,The Larder Cafe Bistro,,,,,,,,,0,,9683,true
875,,The Silver Fox Food Company,,,,,,,,,0,,9682,true
869,,Pink Frog Limited,,,,,,,,,0,,9669,true
891,,Southern Tapes and Packaging Limited,,,,,,,,,0,,9687,true
889,,Soul and Sunshine Bakery Limited,,,,,,,,,0,,9691,true
882,,DemKat Ltd t/s Kinsale Meade Co,,,,,,,,,0,,9689,true
879,,Noden Pharma Designated Activity Company,,,,,,,,,0,,9663,true
876,,Cordal Farmhouse Foods,,,,,,,,,0,,9698,true
878,,Murrays ,,,,,,,,,5,,9699,true
887,,Original Irish Dirt Ltd ,,,,,,,,,0,,9697,true
881,,Chameleon Capital Limited t/a National Beauty Distribution,,,,,,,,,0,,9701,true
883,,Annie's Farm Produce ,,,,,,,,,0,,9458,true
894,,UpSparks,,,,,,,,,0,,9707,true
896,,Ella & Jo Cosmetics ,,,,,,,,,0,,9712,true
897,,Slugs & Snails,,,,,,,,,0,,9714,true
899,,Anna May's Chocolates,,,,,,,,,0,,9715,true
900,,AlbyPharma,,,,,,,,,0,,9710,true
904,,Innominato Limited,,,,,,,,,0,,9716,true
903,,Kathleen Turner,,,,,,,,,0,,9718,true
906,,Irish Whiskey Glass Limited,,,,,,,,,0,,9717,true
908,,Leaf Studios Limited,,,,,,,,,0,,9721,true
910,,Drioglann Shliabh Liag Cuideahta Ghniomhaiochta Ainmnithe,,,,,,,,,0,,9723,true
911,,The Chapel Gate Irish Whiskey Company Limited  ,,,,,,,,,0,,9724,true
916,,Beara Distillery Limited,,,,,,,,,0,,9725,true
915,,Wipeout Limited,,,,,,,,,0,,9726,true
919,,Cybil Limited,,,,,,,,,0,,9728,true
925,,Itaki Limited,,,,,,,,,0,,9729,true
922,,Dkaizen Partners Limited,,,,,,,,,0,,9730,true
930,,Graham Anthony Distribution Limited,,,,,,,,,0,,9678,true
927,,Sereny Limited,,,,,,,,,0,,9734,true
929,,Sliabh Luachra,,,,,,,,,0,,9736,true
926,,Belle Hair Extensions,,,,,,,,,0,,9735,true
931,,Innovative Commerce Limited,,,,,,,,,0,,9742,true
937,,Sukhi's Masala,,,,,,,,,0,,9745,true
912,,Quinn Cement Ltd,,,,,,,,,1,,210,true
509,,Shelta Beer Company Limited,,,,,,,,,0,,4859,true
846,,Seymours Fine Foods Limited,,,,,,,,,0,,4915,true
822,,Head 2 Head Sports,,,,,,,,,0,,6937,true
353,,Janet's Country Fayre Limited,,,,,,,,,0,,7009,true
681,,ClotPlus Limited,,,,,,,,,0,,6991,true
890,,4E-Fulfillment.com Limited,,,,,,,,,0,,7113,true
515,,Nohoval Drinks Company Limited,,,,,,,,,0,,7179,true
439,,Innovative Brands Limited,,,,,,,,,3,,7392,true
905,,Nutricia Infant Nutrition Limited (Macroom),,,,,,,,,0,,7521,true
755,,Kish Fish Company Limited,,,,,,,,,0,,6265,true
655,,Martin Biotech Limited,,,,,,,,,0,,7713,true
637,,Emerton Farm Ltd,,,,,,,,,0,,7978,true
668,,Wicklow Rapeseed Oil Limited,,,,,,,,,0,,8102,true
476,,Leaves Ventures Limited,,,,,,,,,0,,8234,true
902,,Carrygerry Country House,,,,,,,,,0,,8296,true
267,,Cathy's Spelt for Health,,,,,,,,,0,,8250,true
433,,So Prosecco Limited,,,,,,,,,0,,8330,true
662,,Aldar Tissues Limited,,,,,,,,,0,,8405,true
498,,FOCA Organics Limited,,,,,,,,,0,,8554,true
370,,Shellac Nails Limited t/a Osmium Beauty,,,,,,,,,0,,8571,true
729,,Irwin Group Distribution Limited t/a Group 247,,,,,,,,,0,,8602,true
375,,North Atlantic Seaweed Products Limited,,,,,,,,,0,,8697,true
416,,Go Direct Access Limited,,,,,,,,,0,,8741,true
421,,Seamus Fitzgerald t/a Miclin Muc Sausages,,,,,,,,,0,,8819,true
362,,Daisy Chain Crafts,,,,,,,,,0,,8823,true
347,,THEYA Lingerie Limited,,,,,,,,,0,,8888,true
392,,Handy Food Innovation Limited,,,,,,,,,5,,8909,true
747,,Octagon Studio Limited,,,,,,,,,1,,8916,true
609,,Filligans Limited,,,,,,,,,0,,8927,true
270,,The Food Grail Limited,,,,,,,,,0,,8935,true
583,,Premium Pellets Limited,,,,,,,,,0,,9058,true
223,,Martin Smyth Flowers,,,,,,,,,0,,9059,true
202,,The Happy Candle,,,,,,,,,3,,9082,true
230,,Herterich Artisan Butchers Limited.,,,,,,,,,4,,9094,true
245,,The Connacht Whiskey Company Limited,,,,,,,,,4,,9103,true
237,,The Bake Well Outlet Limited,,,,,,,,,0,,9105,true
255,,Impulse Products Limited,,,,,,,,,0,,9116,true
867,,Nutricia Infant Nutrition Limited (Wexford),,,,,,,,,0,,9117,true
268,,Percussion Capital Services Limited.,,,,,,,,,13,,9122,true
293,,Yolo Candy International  Limited,,,,,,,,,0,,9138,true
295,,M & J Nutrition Limited ,,,,,,,,,0,,9137,true
316,,ARTO Commercia,,,,,,,,,0,,8607,true
335,,Duffy Potatoes,,,,,,,,,0,,9015,true
349,,Mezze,,,,,,,,,0,,9189,true
364,,Irish Bioactive Compounds,,,,,,,,,0,,9197,true
399,,Ultimate ABC Food Stores Limited,,,,,,,,,0,,9227,true
488,,Cosmo Technologies Limited,,,,,,,,,0,,9239,true
436,,MG Green Resources Limited ,,,,,,,,,0,,9258,true
525,,The Luxury Confectionery Company Limited,,,,,,,,,0,,9282,true
474,,Our Back Garden,,,,,,,,,0,,9292,true
500,,Ballinrostig Homestead,,,,,,,,,7,,9312,true
499,,Dr Protein,,,,,,,,,2,,9322,true
532,,Fish Seafood Deli Limited,,,,,,,,,7,,9330,true
517,,LoweFoley Limited,,,,,,,,,8,,9332,true
528,,J.F.H. International Limited,,,,,,,,,0,,9344,true
529,,Connemara Kettle Corn,,,,,,,,,0,,9351,true
593,,Kellys Mountain Brew Limited,,,,,,,,,9,,9358,true
554,,Dunleavy Meats Limited,,,,,,,,,0,,9373,true
584,,Phenox Limited,,,,,,,,,0,,9376,true
636,,AP Fine Foods Limited,,,,,,,,,0,,9410,true
618,,Horizon Pharma Ireland Limited,,,,,,,,,0,,9398,true
594,,The Hungry Brand,,,,,,,,,0,,9414,true
606,,Duffy Discount Limited,,,,,,,,,0,,9275,true
612,,Zaeire Artisan Chocolates,,,,,,,,,0,,9432,true
614,,Bia Beatha Creations Limited,,,,,,,,,0,,9440,true
623,,Priya's Cuisine,,,,,,,,,0,,9442,true
651,,Royal Farms Batterstown Limited,,,,,,,,,0,,9464,true
707,,Oxtron Limited T/a Supervalu Killester,,,,,,,,,0,,9462,true
666,,Pure Food Company,,,,,,,,,0,,9475,true
676,,Ecco Architectural Hardware Limited,,,,,,,,,0,,9479,true
672,,Hanlon's Smokehouse Dublin Limited,,,,,,,,,0,,9482,true
701,,Cillian Sheanon Food Products,,,,,,,,,0,,9507,true
711,,Chewbay Limited ,,,,,,,,,0,,9517,true
730,,The Temple Bar Whiskey Company Limited,,,,,,,,,0,,9518,true
728,,Chocolatey Clare,,,,,,,,,0,,9538,true
738,,ACA Sports Limited ,,,,,,,,,1,,9545,true
782,,Am Firewood,,,,,,,,,0,,9548,true
741,,Sligo Graph Drawing Aids Limited t/a SG Education,,,,,,,,,0,,9551,true
746,,MJI Meats Limited,,,,,,,,,0,,9368,true
752,,Burke's Distillery Limited,,,,,,,,,0,,9556,true
754,,Pure Pet Products,,,,,,,,,0,,9558,true
758,,Inver Designs Designated Activity Company,,,,,,,,,0,,9560,true
757,,Quality Lighting Distributors Limited,,,,,,,,,0,,9563,true
760,,Production Equipment Limited,,,,,,,,,0,,9565,true
762,,John Pettitt Wexford Unlimited Company,,,,,,,,,0,,9561,true
768,,Funky Monkey Foods,,,,,,,,,0,,9571,true
771,,DhOsai LimitedT/a Ravi's,,,,,,,,,0,,9576,true
836,,PolyDev Limited,,,,,,,,,0,,9579,true
776,,Eggciting Foods Limited ,,,,,,,,,0,,9574,true
783,,Fitdist Sports Limited,,,,,,,,,0,,9502,true
780,,Wall's Veg,,,,,,,,,0,,9589,true
799,,Sasa Flowers Limited,,,,,,,,,0,,9592,true
787,,Clashganny Organic Farm,,,,,,,,,0,,9596,true
808,,Chanchan,,,,,,,,,0,,9599,true
796,,Moyvalley Foods,,,,,,,,,0,,9600,true
800,,DUC,,,,,,,,,0,,9607,true
801,,HD Home Direct Limited,,,,,,,,,0,,9610,true
247,,Athea Homemade Puddings Limited,,,,,,,,,0,,171,true
319,,Abbeylands Furniture (Navan) Ltd,,,,,,,,,0,,4238,true
793,,The Irish Popcorn & Snackfood Company,,,,,,,,,0,,4270,true
742,,Mr. Curry Limited,,,,,,,,,0,,4426,true
918,,Patrick O'Meara,,,,,,,,,0,,4438,true
299,,Pac Products Limited,,,,,,,,,31,,4639,true
163,,The Grafton Barber Limited,,,,,,,,,0,,5089,true
240,,AlBuraq Traders Ltd,,,,,,,,,0,,5200,true
150,,Pfizer Healthcare Ireland Ltd ,,,,,,,,,0,,7234,true
220,,Westport Grove Ltd,,,,,,,,,0,,7488,true
384,,Forever Health t/a Marita Kenna,,,,,,,,,0,,7698,true
770,,Grudlann Corca Dhuibhne Teoranta ,,,,,,,,,0,,7720,true
359,,Blue Angel Designs Ltd.,,,,,,,,,1,,7933,true
159,,Brand Management & Distribution Ltd.,,,,,,,,,0,,7941,true
123,,Improper Food Limited,,,,,,,,,7,,8051,true
719,,Boyne Valley Craft Brewery & Distillery Ltd,,,,,,,,,0,,8094,true
151,,MSC Retail Limited,,,,,,,,,0,,8248,true
649,,MMD Distribution Limited,,,,,,,,,0,,8266,true
89,,Bluebell Falls Limited,,,,,,,,,13,,8289,true
557,,Roll It Pastry Company,,,,,,,,,2,,8286,true
149,,A.C.P. (Advanced Construction Products) Limited,,,,,,,,,0,,8325,true
777,,Akoni Trading Limited t/a Jack Cody's,,,,,,,,,0,,8334,true
322,,A Taste of Irish Spirit,,,,,,,,,0,,8409,true
485,,Grogan Brothers Limited,,,,,,,,,0,,8525,true
246,,James O'Brien Farmhouse Cheese,,,,,,,,,0,,8587,true
686,,Body Clinics Ireland Limited t/a Therapie Clinic,,,,,,,,,0,,8649,true
153,,Rodrigo Trading T/A Naked Spice,,,,,,,,,0,,8732,true
555,,Tetralogy Holdings Limited ,,,,,,,,,10,,7913,true
791,,P. & H. Egan (Tullamore) Limited,,,,,,,,,0,,8810,true
227,,TouchDown Brand Partners Limited,,,,,,,,,0,,8829,true
343,,Smartfrog Limited,,,,,,,,,0,,8887,true
772,,The Dublin Cookie Company Limited,,,,,,,,,0,,8905,true
735,,Foro International Connections Limited,,,,,,,,,0,,8967,true
158,,Rigneys Farm House Foods Limited,,,,,,,,,2,,9010,true
136,,DMDS Games Limited,,,,,,,,,0,,9022,true
155,,PTC Therapeutics International Limited,,,,,,,,,0,,9026,true
161,,PrecisionBiotics Limited,,,,,,,,,0,,9050,true
174,,Mad March Hare International Trading Limited,,,,,,,,,0,,9055,true
200,,Tastefully Yours At The Farmers Market,,,,,,,,,0,,9077,true
222,,Cuideachta Grudaireacht Teoranta,,,,,,,,,8,,9091,true
241,,East Coast Bakehouse,,,,,,,,,1,,9097,true
260,,Tipperary Boutique Distillery Limited,,,,,,,,,0,,9109,true
282,,Waters and Wild Perfumery Limited,,,,,,,,,6,,9133,true
304,,Neoopti Xpand Limited,,,,,,,,,0,,9149,true
313,,Casey's Fish Products Limited,,,,,,,,,8,,9157,true
344,,The Laughing Oyster,,,,,,,,,0,,9139,true
363,,Nasal Medical Limited,,,,,,,,,0,,9179,true
378,,Black Castle Drinks Limited,,,,,,,,,0,,9206,true
379,,Isle Of Crackers,,,,,,,,,6,,9214,true
390,,Dublin Design Studio Limited,,,,,,,,,0,,9215,true
437,,Graham Concepts Limited,,,,,,,,,0,,9222,true
404,,Apischocolate,,,,,,,,,0,,9232,true
410,,Nios Mo Foods Limited,,,,,,,,,0,,9241,true
422,,Bright Blade Limited,,,,,,,,,0,,9245,true
424,,Once Upon A Dinner,,,,,,,,,0,,9252,true
511,,Saint-Gobain Performance Plastics Ireland,,,,,,,,,0,,9254,true
464,,Morning's Print-A-Plate (Ireland) Limited,,,,,,,,,5,,9288,true
469,,Advanced Surgical Concepts Limited,,,,,,,,,0,,9295,true
486,,Squirrel Bag Limited,,,,,,,,,0,,9303,true
502,,KC Import Distribution Limited,,,,,,,,,0,,9300,true
523,,Fiona Uyema,,,,,,,,,0,,9335,true
531,,Athula's Food Limited,,,,,,,,,0,,9347,true
553,,Dairy Concepts IRL Limited,,,,,,,,,0,,9365,true
569,,Daisy Cottage Farm,,,,,,,,,0,,9381,true
577,,Old Court East Bakery,,,,,,,,,0,,9387,true
590,,12 Acres Brewing Company Limited,,,,,,,,,0,,9399,true
709,,CCL Label Ireland Limited,,,,,,,,,0,,9380,true
877,,Dublin Whiskey Distillery Company Limited,,,,,,,,,0,,9413,true
607,,Obsession Factory Limited,,,,,,,,,2,,9430,true
621,,Ciaran Barry t/a Green Products Ireland,,,,,,,,,6,,9434,true
625,,Mud Bakery,,,,,,,,,0,,9446,true
645,,Archway Fashions Limited,,,,,,,,,0,,9460,true
663,,Vada Pow Limited,,,,,,,,,0,,9408,true
688,,Cairenn Foy Limited,,,,,,,,,0,,9496,true
710,,Blue Ribbon Arts,,,,,,,,,0,,9514,true
745,,Keltec Building Services Limited,,,,,,,,,0,,9515,true
720,,Lean Engineering Solutions Limited,,,,,,,,,0,,9521,true
723,,Tuppence Limited t/a Killeen Irish,,,,,,,,,0,,9527,true
733,,P Mulrine & Sons Sales UK Ltd,,,,,,,,,0,,9540,true
763,,Efficax Limited,,,,,,,,,0,,9543,true
740,,NP2 Jewellery Limited,,,,,,,,,0,,9552,true
748,,McNutt's of Donegal Limited,,,,,,,,,0,,9555,true
749,,Nutrilicious Food Co,,,,,,,,,0,,9549,true
753,,Artwood,,,,,,,,,9,,9554,true
789,,SK Muse Limited,,,,,,,,,1,,9557,true
759,,"Angel Yeast Co., Limited",,,,,,,,,0,,9564,true
764,,Attyflin Limited,,,,,,,,,0,,9559,true
765,,Toolcap Limited,,,,,,,,,0,,9569,true
769,,Bake Appetit,,,,,,,,,0,,9562,true
774,,Vodi Limited,,,,,,,,,0,,9578,true
779,,Anu Dairy Limited,,,,,,,,,0,,9584,true
775,,Premium Canine Limited,,,,,,,,,0,,9585,true
792,,Kodaplay Limited,,,,,,,,,0,,9572,true
781,,Hillview Horizons Limited,,,,,,,,,7,,9591,true
785,,Sham Bakery,,,,,,,,,0,,9593,true
794,,WASi,,,,,,,,,0,,9598,true
795,,Contact Organics (Europe) Limited t/a COE Foods,,,,,,,,,0,,9601,true
802,,The Outdoor Adventure Store (Liffey Street) Limited,,,,,,,,,0,,9605,true
804,,J & J Sun Limited,,,,,,,,,0,,9606,true
803,,Styletex Limited,,,,,,,,,0,,9602,true
806,,Oisin Og,,,,,,,,,0,,9594,true
811,,Jevens Design Limited,,,,,,,,,0,,9616,true
819,,ANFI Cosmetics Limited t/a Bioderma,,,,,,,,,0,,9622,true
831,,Farm To Table Limited,,,,,,,,,0,,9628,true
834,,Slievenamon View Organic Farm,,,,,,,,,0,,9630,true
871,,Core Coffee Limited,,,,,,,,,0,,9604,true
835,,HFC Prestige Manufacturing Ireland Limited,,,,,,,,,0,,9634,true
842,,Totally Awesome Foods Limited T/a Rockabill Butter,,,,,,,,,0,,9641,true
844,,Hepburn and Co,,,,,,,,,0,,9644,true
840,,Darouiche Holdings Limited,,,,,,,,,0,,9651,true
841,,The Busy Botanist,,,,,,,,,0,,9652,true
843,,Mixers Sauces Limited,,,,,,,,,0,,9646,true
880,,Park Lane Coffee Company Limited,,,,,,,,,0,,9659,true
850,,Magic Mayan Ltd,,,,,,,,,0,,9664,true
851,,The Guru Tea House Limited,,,,,,,,,6,,9657,true
928,,Roque Vicente,,,,,,,,,0,,9733,true
933,,Pieman Limited,,,,,,,,,0,,9741,true
921,,CEBL Limited T/A The Irish Fairy Door Company,,,,,,,,,0,,gs1ie-8055,true
204,,Blackwater Distillery Limited,,,,,,,,,28,,gs1ie-8610,true
512,,St. James's Hospital,,,,,,,,,98,"5397021000,539702105",gs1ie-4469,true
