1,004,AFGHANISTAN
2,008,ALBANIA
3,012,ALGERIA
4,016,AMERICAN SAMOA
5,020,ANDORRA
6,024,ANGOLA
7,660,ANGUILLA
8,010,ANTARCTICA
9,028,ANTIGUA AND BARBUDA
10,032,ARGENTINA
11,051,ARMENIA
12,533,ARUBA
13,036,AUSTRALIA
14,040,AUSTRIA
15,031,AZERBAIJAN
16,044,BAHAMAS
17,048,BAHRAIN
18,050,BANGLADESH
19,052,BARBADOS
20,112,BELARUS
21,056,BELGIUM
22,084,BELIZE
23,204,BENIN
24,060,BERMUDA
25,064,BHUTAN
26,068,BOLIVIA
27,070,BOSNIA AND HERZEGOVINA
28,072,BOTSWANA
29,074,BOUVET ISLAND
30,076,BRAZIL
31,086,BRITISH INDIAN OCEAN TERRITORY
32,096,BRUNEI DARUSSALAM
33,100,BULGARIA
34,854,BURKINA FASO
35,108,BURUNDI
36,116,CAMBODIA
37,120,CAMEROON
38,124,CANADA
39,132,CAPE VERDE
40,136,CAYMAN ISLANDS
41,140,CENTRAL AFRICAN REPUBLIC
42,148,CHAD
43,152,CHILE
44,156,CHINA
45,162,CHRISTMAS ISLAND
46,166,COCOS (KEELING) ISLANDS
47,170,COLOMBIA
48,174,COMOROS
49,178,CONGO
50,184,COOK ISLANDS
51,188,COSTA RICA
52,384,COTE D'IVOIRE
53,191,CROATIA (local market: Hrvatska)
54,192,CUBA
55,196,CYPRUS
56,203,CZECH REPUBLIC
57,208,DENMARK
58,262,DJIBOUTI
59,212,DOMINICA
60,214,DOMINICAN REPUBLIC
61,626,EAST TIMOR
62,218,ECUADOR
63,818,EGYPT
64,222,EL SALVADOR
65,226,EQUATORIAL GUINEA
66,232,ERITREA
67,233,ESTONIA
68,231,ETHIOPIA
69,097,EUROPEAN UNION
70,238,FALKLAND ISLANDS (MALVINAS)
71,234,FAROE ISLANDS
72,242,FIJI
73,246,FINLAND
74,250,FRANCE
75,254,FRENCH GUIANA
76,258,FRENCH POLYNESIA
77,260,FRENCH SOUTHERN TERRITORIES
78,266,GABON
79,270,GAMBIA
80,268,GEORGIA
81,276,GERMANY
82,288,GHANA
83,292,GIBRALTAR
84,300,GREECE
85,304,GREENLAND
86,308,GRENADA
87,312,GUADELOUPE
88,316,GUAM
89,320,GUATEMALA
90,324,GUINEA
91,624,GUINEA-BISSAU
92,328,GUYANA
93,332,HAITI
94,334,HEARD AND MC DONALD ISLANDS
95,340,HONDURAS
96,344,HONG KONG
97,348,HUNGARY
98,352,ICELAND
99,356,INDIA
100,360,INDONESIA
101,364,IRAN (ISLAMIC REPUBLIC OF)
102,368,IRAQ
103,372,IRELAND
104,376,ISRAEL
105,380,ITALY
106,388,JAMAICA
107,392,JAPAN
108,400,JORDAN
109,398,KAZAKHSTAN
110,404,KENYA
111,296,KIRIBATI
112,408,"KOREA, DEMOCRATIC PEOPLE'S REPUBLIC OF"
113,410,"KOREA, REPUBLIC OF"
114,414,KUWAIT
115,417,KYRGYZSTAN
116,418,LAO PEOPLE'S DEMOCRATIC REPUBLIC
117,428,LATVIA
118,422,LEBANON
119,426,LESOTHO
120,430,LIBERIA
121,434,LIBYAN ARAB JAMAHIRIYA
122,438,LIECHTENSTEIN
123,440,LITHUANIA
124,442,LUXEMBOURG
125,446,MACAU
126,807,"MACEDONIA, THE FORMER YUGOSLAV REPUBLIC OF"
127,450,MADAGASCAR
128,454,MALAWI
129,458,MALAYSIA
130,462,MALDIVES
131,466,MALI
132,470,MALTA
133,584,MARSHALL ISLANDS
134,474,MARTINIQUE
135,478,MAURITANIA
136,480,MAURITIUS
137,175,MAYOTTE
138,484,MEXICO
139,583,MICRONESIA (Federated States Of)
140,498,"MOLDOVA, REPUBLIC OF"
141,492,MONACO
142,496,MONGOLIA
143,500,MONTSERRAT
144,504,MOROCCO
145,508,MOZAMBIQUE
146,104,MYANMAR
147,516,NAMIBIA
148,520,NAURU
149,524,NEPAL
150,528,NETHERLANDS
151,530,NETHERLANDS ANTILLES
152,540,NEW CALEDONIA
153,554,NEW ZEALAND
154,558,NICARAGUA
155,562,NIGER
156,566,NIGERIA
157,570,NIUE
158,574,NORFOLK ISLAND
159,580,NORTHERN MARIANA ISLANDS
160,578,NORWAY
161,512,OMAN
162,586,PAKISTAN
163,585,PALAU
164,591,PANAMA
165,598,PAPUA NEW GUINEA
166,600,PARAGUAY
167,604,PERU
168,608,PHILIPPINES
169,612,PITCAIRN
170,616,POLAND
171,620,PORTUGAL
172,630,PUERTO RICO
173,634,QATAR
174,499,REPUBLIC_OF_MONTENEGRO
175,638,REUNION
176,642,ROMANIA
177,643,RUSSIAN FEDERATION
178,646,RWANDA
179,659,SAINT KITTS AND NEVIS
180,662,SAINT LUCIA
181,670,SAINT VINCENT AND THE GRENADINES
182,652,SAINT_BARTHELEMY
183,882,SAMOA
184,674,SAN MARINO
185,678,SAO TOME AND PRINCIPE
186,682,SAUDI ARABIA
187,686,SENEGAL
188,688,SERBIA
189,690,SEYCHELLES
190,694,SIERRA LEONE
191,702,SINGAPORE
192,703,SLOVAKIA (Slovak Republic)
193,705,SLOVENIA
194,090,SOLOMON ISLANDS
195,706,SOMALIA
196,710,SOUTH AFRICA
197,239,SOUTH GEORGIA AND THE SOUTH SANDWICH ISLANDS
198,724,SPAIN
199,144,SRI LANKA
200,654,ST. HELENA
201,666,ST. PIERRE AND MIQUELON
202,736,SUDAN
203,740,SURINAME
204,744,SVALBARD AND JAN MAYEN ISLANDS
205,748,SWAZILAND
206,752,SWEDEN
207,756,SWITZERLAND
208,760,SYRIAN ARAB REPUBLIC
209,158,"TAIWAN, Province Of China"
210,762,TAJIKISTAN
211,834,"TANZANIA, UNITED REPUBLIC OF"
212,764,THAILAND
213,768,TOGO
214,772,TOKELAU
215,776,TONGA
216,780,TRINIDAD AND TOBAGO
217,788,TUNISIA
218,792,TURKEY
219,795,TURKMENISTAN
220,796,TURKS AND CAICOS ISLANDS
221,798,TUVALU
222,800,UGANDA
223,804,UKRAINE
224,784,UNITED ARAB EMIRATES
225,826,UNITED KINGDOM
226,840,UNITED STATES
227,581,UNITED STATES MINOR OUTLYING ISLANDS
228,858,URUGUAY
229,860,UZBEKISTAN
230,548,VANUATU
231,336,VATICAN CITY STATE (HOLY SEE)
232,862,VENEZUELA
233,704,VIET NAM
234,092,VIRGIN ISLANDS (BRITISH)
235,850,VIRGIN ISLANDS (U.S.)
236,876,WALLIS AND FUTUNA ISLANDS
237,732,WESTERN SAHARA
238,887,YEMEN
239,180,ZAIRE
240,894,ZAMBIA
241,716,ZIMBABWE