1,af,Afrikaans
3,ak,Akan
4,sq,Albanian
7,am,Amharic
9,ar,Arabic
11,an,Aragonese
12,hy,Armenian
14,as,Assamese
17,az,Azerbaijani
20,eu,Basque
22,be,Belarusian
25,bn,Bengali
28,bs,Bosnian
30,br,Breton
31,bg,Bulgarian
33,my,Burmese
35,ca,Catalan
39,zh,Chinese
45,kw,Cornish
47,hr,Croatian
49,cs,Czech
51,da,Danish
53,nl,Dutch
56,dz,Dzongkha
58,en,English
65,eo,Esperanto
66,et,Estonian
68,fo,Faroese
71,fi,Finnish
74,fr,French
79,ff,Fulah
80,gd,"Gaelic, Scottish"
81,gl,Galician
83,ka,Georgian
85,de,German
88,el,Greek
90,gu,Gujarati
93,ht,Haitian
95,ha,Hausa
96,he,Hebrew
98,hi,Hindi
100,hu,Hungarian
102,is,Icelandic
104,ig,Igbo
106,id,Indonesian
108,ia,Interlingua
109,ga,Irish
111,it,Italian
113,ja,Japanese
115,jv,Javanese
116,kn,Kannada
118,ks,Kashmiri
121,kk,Kazakh
123,km,Khmer
125,rw,Kinyarwanda
126,ky,Kirgyz
128,ko,Korean
130,ku,Kurdish
132,lo,Lao
134,la,Latin
135,lv,Latvian
138,li,Limburgian
139,ln,Lingala
140,lt,Lithuanian
143,lb,Luxembourgish
144,mk,Macedonian
147,mg,Malagasy
148,ms,Malay
149,ml,Malayalam
152,mt,Maltese
154,mi,Maori
156,mr,Marathi
158,mn,Mongolian
163,ne,Nepali
167,no,Norwegian
173,oc,Occitan
174,or,Oriya
176,pa,Panjabi
179,fa,Persian
182,pl,Polish
184,pt,Portuguese
187,ps,Pushto
188,ro,Romanian
190,rm,Romansh
191,ru,Russian
193,sm,Samoan
194,sc,Sardinian
196,sr,Serbian
200,sn,Shona
201,si,Sinhala
203,sk,Slovak
205,sl,Slovenian
207,so,Somali
213,es,Spanish
229,su,Sundanese
230,sw,Swahili
232,sv,Swedish
235,tl,Tagalog
237,tg,Tajik
239,ta,Tamil
242,tt,Tatar
243,te,Telugu
245,th,Thai
247,bo,Tibetan
249,ti,Tigrinya
250,to,Tongan
251,tr,Turkish
253,tk,Turkmen
254,ug,Uighur
255,uk,Ukrainian
258,ur,Urdu
260,uz,Uzbek
261,ve,Venda
262,vi,Vietnamese
265,wa,Walloon
266,cy,Welsh
268,fy,Western Frisian
270,wo,Wolof
272,xh,Xhosa
273,yi,Yiddish
274,yo,Yoruba
275,zu,Zulu